<?xml version="1.0" encoding="UTF-8"?>
<project-private xmlns="http://www.netbeans.org/ns/project-private/1">
    <editor-bookmarks xmlns="http://www.netbeans.org/ns/editor-bookmarks/2" lastBookmarkId="0"/>
    <open-files xmlns="http://www.netbeans.org/ns/projectui-open-files/2">
        <group>
            <file>file:/C:/Users/Student/Documents/NetBeansProjects/Ricardo%20Harris%20-%20Portfolio%20Website/public_html/projects.html</file>
            <file>file:/C:/Users/Student/Documents/NetBeansProjects/Ricardo%20Harris%20-%20Portfolio%20Website/public_html/technology.html</file>
            <file>file:/C:/Users/Student/Documents/NetBeansProjects/Ricardo%20Harris%20-%20Portfolio%20Website/public_html/CSS/style.css</file>
            <file>file:/C:/Users/Student/Documents/NetBeansProjects/Ricardo%20Harris%20-%20Portfolio%20Website/public_html/index.html</file>
        </group>
    </open-files>
</project-private>
